accession,allele_name,gene,length,is_pseudogene,note,sequence
EU086720.1,SahaI-T6,SahaI,133,False,contains alpha 1 and alpha 2 domains,PRAAWMEKVKDVDPGYWEQETQISKENAQIYRVGLQTLRGYYNQSEGGAHTFQRMYGCEVSPELSFQRGFLQFAYDGQDYIALDTETLTWTAAQNEAVNTKRKWEAERSIAERDKAYLEETCVLWLKKYLEMG
GQ411435.1,SahaI*27,SahaI,82,False,alpha-1 domain,TAVSRPGLGEPRFLAVGYVDDQQFVRFDSDSASQSEEPRAPWMEKVQDVDPGYWERNTQISKENAQSSRVSLQNLRGYFNQS
GQ411436.1,SahaI*28,SahaI,82,False,alpha-1 domain,TAVSRPGLGEPRFLSVGYVDDQQFVRFDSDSASQSEEPRAPWMEKVQDVDPGYWERNTQISKENAQSSRVSLQNLRGYFNQS
GQ411437.1,SahaI*29,SahaI,82,False,alpha-1 domain,TAVSRPGLGEPRFLSVGYVDDQQFVRFDSDSASQSEEPRAPWMEKVQDVDPGYWEQETQIIKETAQISRVDLQTLRGYFNQS
GQ411438.1,SahaI*30,SahaI,82,False,alpha-1 domain,TAVSRPGLGEPRFLSVGYVDDQQFVRFDSDSASQSEEPRAPWIEKVQDVDPGYWERNTQISKENAQSSRVSLQNLRGYFNQS
GQ411439.1,SahaI*31,SahaI,82,False,alpha-1 domain,TAVSRPGLGEPRFLSVGYVDDQQFVRFDSDSASQSEEPRAPWMEKVQDVDPGYWERNTQISKENAQNSRVSLQNLRGYFNQS
GQ411440.1,SahaI*32,SahaI,82,False,alpha-1 domain,TTVSRPGLGEPRFFSVGYVDDQQFVGFDSDSASQRVEPRAPWIEKMENVDRDYWERNTQNSKRNAQISREDLQTLHGYFNQS
GQ411441.1,SahaI*33,SahaI,82,False,alpha-1 domain,TAVSRPGLGEPRFLSVGYVDDQQFVRFDSDSASQSEEPRAPWMEKVKDVDPGYWEQQTQIIKETAQIYRVGLQTLRGYFNQS
GQ411442.1,SahaI*34,SahaI,82,False,alpha-1 domain,TAVSRPGLGEPRFLSVGYVDDQQFVRFDSDSASQSEEPRAPWMEKVKDVDPGYWEQQTQIIKETAQISRVDLQTLRGYFNQS
GQ411443.1,SahaI*35,SahaI,82,False,alpha-1 domain,TAVSRPGLGEPRFLSVGYVDDQQFVRFDSDSASQSEEPRAPWMEKVKDVDPGYWEQETQIIKETAQISRVDLQTLRGYFNQS
GQ411444.1,SahaI*36,SahaI,82,False,alpha-1 domain,TAVSRPGLGEPRFLSVGYVDDQQFVRFDSDSASQSEEPRAPWMEKVKDVDPGYWEQETQISKETAQIYRVGLQTLRGYFNQS
GQ411445.1,SahaI*37,SahaI,82,False,alpha-1 domain,TAVSRPGLGEPRFLAVGYVDDQQFVRFDSDSASQSEEPRAPWMEKVKDVDPGYWEQETQISKENAQIYRVGLQTLRGYFNQS
GQ411446.1,SahaI*38,SahaI,82,False,alpha-1 domain,TAVSRPGLGEPRFLAVGYVDDQQFVRFDSDSASQSEEPRAPWMEKVQDVDPGYWEQETQIIKETAQISRVDLQTLRGYFNQS
GQ411447.1,SahaI*39,SahaI,82,False,alpha-1 domain,TTVSRPGLGEPRFFSVGYVDDQQFVGFDSDSASQRVEPRAPWIEKMENVDRDYWERNTQNSKRNAQISREDLQTLHGYFNQS
GQ411448.1,SahaI*40,SahaI,82,False,alpha-1 domain,TTVSRPGLGEPRFFSVGYVDDQQFVGFDSDSASQRVEPRAPWIEKMENVDRDYWERNTQNSKRNAQTSREDLQTLHGYFNQS
GQ411449.1,SahaI*41,SahaI,82,False,alpha-1 domain,TTVSRPGLGEPRFFSVGYVDDQQFVGFDSDSASQRVEPRAPWIEKMENVDRDYWERNTQNSKRNAQISREDLQTLHGYFNQS
GQ411450.1,SahaI*42,SahaI,82,False,alpha-1 domain,TTVSRPGLGEPRFFSVGYVDDQQFVGFDSDSASQRVEPRAPWIEKMENVDRDYWERNTQNSKRNAQISREDLQTLHGYFNQS
GQ411451.1,SahaI*43,SahaI,82,False,alpha-1 domain,TTVSRPGLGEPRFFSVGHVDDQQFVGFDSDSASQRVEPRAPWIEKMENVDRDYWERNTQNSKGNAQISREDLQTLHGYFNQS
GQ411452.1,SahaI*44,SahaI,82,False,alpha-1 domain,TAVSRPGLGEPRFLAVGYVDDQQFVRFDSDSASQRQEPRAPWMEKVKDVDPGYWEQQTQISKENAQIYRVGLQTLRGYFNQS
GQ411453.1,SahaI*45,SahaI,82,False,alpha-1 domain,TAVSRPGLGEPRFLSVGYVDDQQFVRFDSDSASQSEEPRAPWMEKVQDVDPGYWEQETQIIKENAQSSRVDLQTLRGYFNQS
GQ411454.1,SahaI*46,SahaI,82,False,alpha-1 domain,TAVSRPGLGEPRFLAVGYVDDQQFVRFDSDSASQSEEPRAPWMEKVQDVDPGYWEQETQIIKENAQSSRVDLQTLRGYFNQS
GQ411455.1,SahaI*47,SahaI,82,False,alpha-1 domain,TAVSRPGLGEPRFLAVGYVDDQQFVRFDSDSASQSEEPRAPWMEKVQDVDPGYWEQQTQNSKGNAQIYRVGLQTLRGYFNQS
GQ411456.1,SahaI*48,SahaI,82,False,alpha-1 domain,TAVSRPGLGEPRFLAVGYVDDQQFVRFDSDSASQSEEPRAPWMEKVQDVDPGYWEQETQIIKENAQSSRVSLQNLRGYFNQS
GQ411457.1,SahaI*49,SahaI,82,False,alpha-1 domain,TAVSRPGLGEPRFLAVGYVDDQQFVRFDSDSASQSEEPRAPWMEKVKDVDPGYWEQQTQISKENAQIYRVGLQTLRGYFNQS
GQ411458.1,SahaI*50,SahaI,82,False,alpha-1 domain,TAVSRPGLGEPRFLSVGYVDDQQFVRFDSDSASQSEEPRAPWMEKVKDVDPGYWEQETQIIKENAQSSRVDLQTLRGYFNQS
GQ411459.1,SahaI*51,SahaI,82,False,alpha-1 domain,TAVSRPGLGEPRFLAVGYVDDQQFVRFDSDSASRSEEPRAPWMEKVQDVDPGYWEQETQIIKENAQSSRVDLQTLRGYFNQS
GQ411460.1,SahaI*52,SahaI,82,False,alpha-1 domain,TAVSRPGLGEPRFLSVGYVDDQQFVRFDSDSASQSEEPRAPWMEKVKDVDPGYWEQETQIVKETAQISRVDLQTLRGYFNQS
GQ411461.1,SahaI*53,SahaI,82,False,alpha-1 domain,TAVSRPGLGEPRFLSVGYVDDQQFVRFDSDSASQSEEPRAPWMEKVKDVDPGYWERNTQISKENAQSSRVSLQTLRGYFNQS
GQ411462.1,SahaI*54,SahaI,82,False,alpha-1 domain,TAVSRPGLGEPRFLAVGYVDDQQFVRFDSDSASQSEEPRAPWMEKVKDVDPGYWERNTQISKENAQSSRVSLQTLRGYFNQS
GQ411463.1,SahaI*55,SahaI,82,False,alpha-1 domain,TTVSRPGLGEPRFFSVGYVDDQQFVGFDSDSASQRVGPRAPWIEKMENVDRDYWERNTQNSKRNAQISREDLQTLHGYFNQS
GQ411464.1,SahaI*56,SahaI,82,False,alpha-1 domain,TAVSRPGLGEPRFLSVGYVDDQQFVRFDSDSASQSEEPRAPWMAKVQDVDPGYWERNTQISKENAQSSRVSLQNLRGYFNQS
GQ411465.1,SahaI*57,SahaI,82,False,alpha-1 domain,TAVSRPGLGEPRFLAVGYVDDQQFVRFDSDSASQSEEPRAPWMEKVQDVDPGYWERNTQISKENAQSSRVDLQTLRGYFNQS
GQ411466.1,SahaI*58,SahaI,82,False,alpha-1 domain,TAVSRPGLGEPRFLAVGYVDDQQFVRFDSDSASQSEEPRAPWMEKVQDVDPEYWERNTQISKENAQSSRVDLQTLRGYFNQS
GQ411467.1,SahaI*59,SahaI,82,False,alpha-1 domain,TAVSRPGLGEPRFLSVGYVDDQQFVRFDSDSASQSEEPRAPWMEKMKDVDPGYWEQETQISKENAQISRVDLQTLRGYFNQS
GQ411468.1,SahaI*60,SahaI,82,False,alpha-1 domain,TTVSRPGLREPRFFSVGYVDDQQFVGFDSDSASQRVEPRAPWIEKMENVDRDYWERNTQNSKRNAQISREDLQTLHGYFNQS
GQ411469.1,SahaI*61,SahaI,82,False,alpha-1 domain,TAVSRPGLGEPRFLSVGYVDDQQFVRFDSDSASQSEEPRAPWMEKVQDVDPGYWERNTQISKENAQSSRVSLQNLRGYFNQS
GQ411470.1,SahaI*62,SahaI,82,False,alpha-1 domain,TAVSRPGLGEPRFLSVGYVDDQQFVRFDSDSASQSEEPRAPWMEKVQDVDPGYWERNTQISKENAQSSRVSLQNLRGYFNQS
GQ411471.1,SahaI*63,SahaI,82,False,alpha-1 domain,TAVSRPGLGEPRFLAVGYVDDQQFVRFDSDSASQSEEPRAPWMEKVQDVDPGYWEQETQIIKENAQSSRVDLQTLRGYFNQS
GQ411473.1,SahaI*65,SahaI,82,False,alpha-1 domain,TAVSRPGLEEPRFLSVGYVDDQQFVRFDSDSASQSEEPRAPWMEKVQDVDPGYWERNTQISKENAQSSRVSLQNLRGYFNQS
GQ411474.1,SahaI*66,SahaI,82,False,alpha-1 domain,TAVSRPGLGEPRFLSVGYVDDQQFVRFDSDSASQSEEPRAPWMEKVQDVDPGYWEQETQIIKENAQSSRVDLQTLRGYFNQS
GQ411475.1,SahaI*67,SahaI,82,False,alpha-1 domain,TAVSRPGLGEPRFLSVGYVDDQQFVGFDSDSASQRVEPRAPWIEKMENVDRDYWERNTQNSKRNAQISREDLQTLHGYFNQS
GQ411476.1,SahaI*68,SahaI,82,False,alpha-1 domain,TAVSRPGLGEPRFLAVGYVDDQQFVRFDSDSASQSEEPRVSWMEKVQDVDPGYWERNTQISKENAQSSRVSLQNLRGYFNQS
GQ411477.1,SahaI*69,SahaI,82,False,alpha-1 domain,TAVSRPGLGEPRFLSVGYVDDQQFVRFDSDSASQSEEPRAPWMEKVQDVDPGYWEQETQIIKETAQISRVDLQTLRGYFNQS
GQ411478.1,SahaI*70,SahaI,82,False,alpha-1 domain,TAVSRPGLGEPRFLSVGYVDDQQFVRFDSDSASQSEEPRAPWMEKVQDVDPGYWEQETQIIKETAQISRVDLQTLRGYFNQS
GQ411479.1,SahaI*71,SahaI,82,False,alpha-1 domain,TTVSRPGLGEPRFFSVGYVDDQQFVGFDSDSASQRVEPRAPWIEKMENMDRDYWERNTQNSKRNAQISREDLQTLHGYFNQS
GQ411480.1,SahaI*72,SahaI,82,False,alpha-1 domain,TAVSRPGLGEPRFLAVGYVDDQQFVRFDSDSASQSEEPRAPWMEKVKDVDPGYWEQETQISKENAQIYRVGLQTLRGYFNQS
GQ411481.1,SahaI*73,SahaI,82,False,alpha-1 domain,TTVSRPGLGEPRFFSVGYVDDQQFVGFDSDSASQRVEPRAPWIEKMENVDRDYWERNTQNSKRNAQISRGDLQTLHGYFNQS
GQ411482.1,SahaI*74,SahaI,82,False,alpha-1 domain,TAVSRPGLGEPRFLAVGYVDDQQFVRFDSDSASQSEEPRAPWMEKVQDVDPGYWERNTQISKENAQSSRVSLQTLRGYFNQS
GQ411483.1,SahaI*75,SahaI,82,False,alpha-1 domain,TTVSRPGLGEPRFFSVGYVDDQQFVGFNSDSASQRVEPRAPWIEKMENVDRDYWERNTQNSKRNAQISREDLQTLHGYFNQS
GQ411484.1,SahaI*76,SahaI,82,False,alpha-1 domain,TTVSRPGLGEPRFFSVGYVDDQQFVGFDSDSASQRVEPRAPWIEKMENVDRDYWERNTQNSKRNARISREDLQTLHGYFNQS
GQ411485.1,SahaI*77,SahaI,82,False,alpha-1 domain,TTVSRPGLGEPRFFSVGYVDDQQFVGFDSDNASQRVEPRAPWIEKMENVDRDYWERNTQNSKRNAQISREDLQTLHGYFNQS
GQ411486.1,SahaI*78,SahaI,82,False,alpha-1 domain,TAVSRPGLGEPRFFAVGYVDDQQFVRFDSDSASQSEEPRAPWMEKVQDVDPGYWERNTQISKENAQSSRVSLQNLRGYFNQS
GQ411487.1,SahaI*79,SahaI,82,False,alpha-1 domain,TAVSRPGLGEPRFLSVGYVDDQQFVRFDSDSASQSEEPRAPWMEKVKDVDPGYWEQETQISKENAQIYRVGLQTLRGYFNQS
GQ411488.1,SahaI*80,SahaI,82,False,alpha-1 domain,TAVSRPGLGEPRFLSVGYVDDQQFVRFDSDSASQSEEPQAPWMEKVKDVDPGYWEQETQISKENAQSSRVSLQNLRGYFNQS
GQ411490.1,SahaI*82,SahaI,82,False,alpha-1 domain,TAVSRPGLGEPQFLAVGYVDDQQFVRFDSDSASQSEEPRAPWMEKVKDVDPGYWEQQTQISKENAQIYRVGLQTLRGYFNQS
GQ411491.1,SahaI*83,SahaI,82,False,alpha-1 domain,TTVSRPGLGEPRFFSVGYVDDQQFVGFDSDSASQRVEPRAPWIEKMENVDRDYWERNTQNSKRNAQISREDLQTLHGYFNQS
GQ411492.1,SahaI*84,SahaI,82,False,alpha-1 domain,TTVSRPGLGEPRFFSVGYVDDQQFVGFDGDSASQRVEPRAPWIEKMENVDRDYWERNTQNSKRNAQISREDLQTLHGYFNQS
GQ411493.1,SahaI*85,SahaI,82,False,alpha-1 domain,TTVSRPGLGEPRFFSVGYVDDQQFVGFDSDSASQRVELRAPWIEKMENVDRDYWERNTQNSKRNAQISREDLQTLHGYFNQS
HE985230.1,SahaI*pa1,SahaI,22,False,ancient DNA,ERNTQISKENAQSSRVSLQNLR
HE985231.1,SahaI*pa2,SahaI,22,False,ancient DNA,EQQTQISKENAQIYRVGLQTLR
HE985232.1,SahaI*pa3,SahaI,22,False,ancient DNA,EQETQIIKETAQISRVDLQTLR
HE985233.1,SahaI*pa4,SahaI,22,False,ancient DNA,EQETQIIKENAQSSRVDLQTLR
HE985234.1,SahaI*pa5,SahaI,22,False,ancient DNA,EQQTQISKENAQISRVSLQNLR
HE985235.1,SahaI*pa6,SahaI,22,False,ancient DNA,EQQTQISKETAQIYRVDLQTLR
HE985236.1,SahaI*pa7,SahaI,22,False,ancient DNA,EQQTQNSKENAQNSRVGLQTLR
HE985237.1,SahaI*pa8,SahaI,22,False,ancient DNA,EQETQIIKETAQIYRVGLQTLR
HE985238.1,SahaI*pa9,SahaI,22,False,ancient DNA,EQQTQIIKEIAQNYRVSLQNLR
HE985239.1,SahaI*pa10,SahaI,22,False,ancient DNA,ERVTQIFKEIAQSSRVGLQTLR
HE985240.1,SahaI*pb1,SahaI,17,False,ancient DNA,NSKRNAQISREDLQTLH
JN389434.1,SahaI*86,SahaI,75,False,,AVSRPGLGEPRFLSVGYVDDQQFVRFDSDSASQRQEPRAPWMEKVKDVDPGYWERNTQISKGNAQIYRVDLQTLR
JN389435.1,SahaI*87,SahaI,75,False,,AVSRPGLGEPRFLSVGYVDDQQFVRFDSDSASQRQEPRAPWMEKVKDVDPGYWEQQTQNSKGNAQIYRVDLQTLR
JN389436.1,SahaI*88,SahaI,75,False,,AVSRPGLGEPRFLSVGYVDDQQFVRFDSDSASQSEEPRAPWMEKVQDVDPGYWERNTQISKENAQSSRVSLQTLR
JN389437.1,SahaI*89,SahaI,75,False,,AVSRPGLGEPRFLSVGYVDDQQFVRFDSDSASQSEEPRAPWMEKVKDVDPGYWERNTQISKENAQSSRVGLQTLR
JN389438.1,SahaI*90,SahaI,75,False,,AVSRPGLGEPRFLAVGYVDDQQFVRFDSDSASQSEEPRAPWMEKVQDVDPGYWEQQTQNSKGNAQIYRVGLQTLR
JN397396.1,SahaI*86,SahaI,82,False,alpha-1 domain,TAVSRPGLGEPRFLTVGYVDDQQFVRFDSDSASQSEEPRAPWMEKVQDVDPGYWERNTQISKENAQSSRVSLQNLRGYFNQS
JN397397.1,SahaI*87,SahaI,82,False,alpha-1 domain,TAVSRPGLGEPRFLAVGYVDDQQFVRFDSDSASQSEEPRAPWMEKVKDVDPGYWEQETQIIKETAQISRVDLQTLRGYFNQS
JN397398.1,SahaI*88,SahaI,82,False,alpha-1 domain,TAVSRPRLGEPRFLSVGYVDDQQFMRFDSDSASQSEEPRAPWMEKVQDVDPGYWEQETQIIKETAQISRVDLQTLRGYFNQS
JN397399.1,Sahai*89,SahaI,82,False,alpha-1 domain,TAVSRPGLGEPRFLAVGYVDDQQFVRFDSDSASQSEEPRAPWMEKVKDVDPGYWEQETQISKETAQIYRVGLQTLRGYFNQS
JN397400.1,SahaI*90,SahaI,82,False,alpha-1 domain,TAVSRPGLGEPRFLSVGYVDDQQFVRFDSDSASQSEEPRAPWMEKVKDVDPGYWEQQTQISKENAQIYRVGLQTLRGYFNQS
JN397401.1,SahaI*91,SahaI,82,False,alpha-1 domain,TAVSRPGLGEPRFLSVGYVDDQQFVRFDSDSASQSEEPRAPWMEKVKDVDPGYWERNTQISKENAQSSRVSLQNLRGYFNQS
KT188437.1,SahaI*97,SahaI,76,False,,TAVSRPGLGEPRFLSVGYVDDQQFVRFDSDSASQRQEPRAPWMEKVKDVDPGYWEQQTQIIKETAQISRVDLQTLR
KT188438.1,SahaI*98,SahaI,76,False,,TAVSRPGLGEPRFLAVGYVDDQQFVRFDSDSASQSEEPRAPWMEKVKDVDPGYWEQETQIIKETAQISRVDLQTLR
