allele_name,gene,mhc_class,chain,haplotype,uniprot_accession,is_fragment,sequence
H2-D*b,D,I,alpha,b,P01899,False,MGAMAPRTLLLLLAAALAPTQTRAGPHSMRYFETAVSRPGLEEPRYISVGYVDNKEFVRFDSDAENPRYEPRAPWMEQEGPEYWERETQKAKGQEQWFRVSLRNLLGYYNQSAGGSHTLQQMSGCDLGSDWRLLRGYLQFAYEGRDYIALNEDLKTWTAADMAAQITRRKWEQSGAAEHYKAYLEGECVEWLHRYLKNGNATLLRTDSPKAHVTHHPRSKGEVTLRCWALGFYPADITLTWQLNGEELTQDMELVETRPAGDGTFQKWASVVVPLGKEQNYTCRVYHEGLPEPLTLRWEPPPSTDSYMVIVAVLGVLGAMAIIGAVVAFVMKRRRNTGGKGGDYALAPGSQSSEMSLRDCKA
H2-D*d,D,I,alpha,d,P01900,False,MGAMAPRTLLLLLAAALGPTQTRAGSHSLRYFVTAVSRPGFGEPRYMEVGYVDNTEFVRFDSDAENPRYEPRARWIEQEGPEYWERETRRAKGNEQSFRVDLRTALRYYNQSAGGSHTLQWMAGCDVESDGRLLRGYWQFAYDGCDYIALNEDLKTWTAADMAAQITRRKWEQAGAAERDRAYLEGECVEWLRRYLKNGNATLLRTDPPKAHVTHHRRPEGDVTLRCWALGFYPADITLTWQLNGEELTQEMELVETRPAGDGTFQKWASVVVPLGKEQKYTCHVEHEGLPEPLTLRWGKEEPPSSTKTNTVIIAVPVVLGAVVILGAVMAFVMKRRRNTGGKGGDYALAPGSQSSDMSLPDCKV
H2-D*k,D,I,alpha,k,P14426,False,MGAMVPRTLLLLLAAALAPAQTRAGPHSLRYFETVVSRPGLGEPRFISVGYVDNTEFVRFDSDAENPRDEPRVRWMEQEGPEYWERETQIAKGNEQSFRVDLRTLLRYYNQSEGGSHTIQRLSGCDVGSDWRLLRGYEQFAYDGCDYIALNEDLKTWTAADMAALITKHKWEQAGAAERDRAYLEGTCVEWLRRYLELGNATLLHTDSPKAHVTHHPRSKVEVTLRCWALGFYPADITLTWQLNGEELTQDMELVETRPAGDGTFQKWASVVVPLGKEQNYTCHVYHEGLPEPLTLRWEPPPSTDSYMVIVAVLGVLGAVAIIGAVVAFVMMMRRNTGGKGGDYTLTPGSQSSEMSLPDCKA
H2-D*p,D,I,alpha,p,P14427,False,MAPRTLLLLLAAALAPTQTRAGPHSLRYFVTAVSRPGLGKPRYMEVGYVDNTEFVRFDSDAENPRMKPRVRWMEQEGPEYWEQETQNAKDHEQSFRVSLRNLLGYYNQSKGGSHTIQGMRGCDVGSDWRLLRGYEQFAYDGPDYIALNEDLKTWTAADMAAQITRRKWEQAGAAETLRAYLEGACVEWLRRYLELGNATLLCTDPPKAHVTHHPRSEGKVTLRCWALGFYPADITLTWQLNGEELTQDMELVETRPAGDGTFQKWAALVVPLGKEQNYTCHVEHEGLPEPLTLRWEPPPSTDSYMVIVAVLVVLGAVFIIGAVVAFVMMMRRNTGGKGGDYTLAPGSQSSEMSLRDCKVMVHDSHSLA
H2-K*b,K,I,alpha,b,P01901,False,MVPCTLLLLLAAALAPTQTRAGPHSLRYFVTAVSRPGLGEPRYMEVGYVDDTEFVRFDSDAENPRYEPRARWMEQEGPEYWERETQKAKGNEQSFRVDLRTLLGYYNQSKGGSHTIQVISGCEVGSDGRLLRGYQQYAYDGCDYIALNEDLKTWTAADMAALITKHKWEQAGEAERLRAYLEGTCVEWLRRYLKNGNATLLRTDSPKAHVTHHSRPEDKVTLRCWALGFYPADITLTWQLNGEELIQDMELVETRPAGDGTFQKWASVVVPLGKEQYYTCHVYHQGLPEPLTLRWEPPPSTVSNMATVAVLVVLGAAIVTGAVVAFVMKMRRRNTGGKGGDYALAPGSQTSDLSLPDCKVMVHDPHSLA
H2-K*d,K,I,alpha,d,P01902,False,MAPCTLLLLLAAALAPTQTRAGPHSLRYFVTAVSRPGLGEPRFIAVGYVDDTQFVRFDSDADNPRFEPRAPWMEQEGPEYWEEQTQRAKSDEQWFRVSLRTAQRYYNQSKGGSHTFQRMFGCDVGSDWRLLRGYQQFAYDGRDYIALNEDLKTWTAADTAALITRRKWEQAGDAEYYRAYLEGECVEWLRRYLELGNETLLRTDSPKAHVTYHPRSQVDVTLRCWALGFYPADITLTWQLNGEDLTQDMELVETRPAGDGTFQKWAAVVVPLGKEQNYTCHVHHKGLPEPLTLRWKLPPSTVSNTVIIAVLVVLGAAIVTGAVVAFVMKMRRNTGGKGVNYALAPGSQTSDLSLPDGKVMVHDPHSLA
H2-K*k,K,I,alpha,k,P04223,False,MAPCMLLLLLAAALAPTQTRAGPHSLRYFHTAVSRPGLGKPRFISVGYVDDTQFVRFDSDAENPRYEPRVRWMEQVEPEYWERNTQIAKGNEQIFRVNLRTALRYYNQSAGGSHTFQRMYGCEVGSDWRLLRGYEQYAYDGCDYIALNEDLKTWTAADMAALITKHKWEQAGDAERDRAYLEGTCVEWLRRYLQLGNATLPRTDSPKAHVTRHSRPEDKVTLRCWALGFYPADITLTWQLNGEELTQDMELVETRPAGDGTFQKWASVVVPLGKEQYYTCHVYHQGLPEPLTLRWEPPPSTVSNTVIIAVLVVLGAAIVTGAVVAFVMKMRRRNTGGKGGDYALAPGSQTSDLSLPDCKVMVHDPHSLA
H2-K*q,K,I,alpha,q,P14428,True,PRFISVGYVDDTELVRFDSDAENPRYEPRARWMEQVEPEYWERNTQIAKDNEQSSRVDLRTLLRYYNQSAGGSHTIQRMYGCDVGSDGRLLRGYEQVAYDGCDYIALNEDLKTWTAADMAALITKHKWEQAGAAERRRAYLEGACVEWLSRHLKNGNATLLRTDSPKAHVTHHSRPEDKVTLRCWALGFYPADITLTWQLNGEELTQDMELVETRPAGDGTFQKWASVVVPLGKEQYYTCHVYHQGLPKPLTLRWEPPPSAVSNTVIIAVLVVLGAAIVTGAVVAFVMMRRRNTGGKGGDYALAPGSQTSDLSLPDCKVMVHDPHSLA
H2-K*w28,K,I,alpha,w28,P03991,False,MAPCMLLLLLAAALAPTQTRAGPHSLRYFHTAVSRPGLGKPRFISVGYVDDTEFVRFDSDAENPRYEPRARWMEQVEPEYWERNTQIAKDNEQSSRVDLRTLLRYYNQSAGGSHTIQRMYGCDVGSDGRLLRGYEQVAYDGCDYIALNEDLKTWTAADMAALITKHKWEQAGAAERRRAYLEGACVEWLSRHLKNGNATLLRTDSPKAHVTHHSRPEDKVTLRCWALGFYPADITLTWQLNGEELTQDMELVETRPAGDGTFQKWASVVVPLGKEQYYTCHVYHQGLPKPLTLRWEPPPSAVSNTVIIAVLVVLGAAIVTGAVVAFVMMRRRNTGGKGGDYALAPGSQTSDLSLPDCKVMVHDPHSLA
H2-L*d,L,I,alpha,d,P01897,False,MGAMAPRTLLLLLAAALAPTQTRAGPHSMRYFETAVSRPGLGEPRYISVGYVDNKEFVRFDSDAENPRYEPQAPWMEQEGPEYWERITQIAKGQEQWFRVNLRTLLGYYNQSAGGTHTLQWMYGCDVGSDGRLLRGYEQFAYDGCDYIALNEDLKTWTAADMAAQITRRKWEQAGAAEYYRAYLEGECVEWLHRYLKNGNATLLRTDSPKAHVTHHPRSKGEVTLRCWALGFYPADITLTWQLNGEELTQDMELVETRPAGDGTFQKWASVVVPLGKEQNYTCRVYHEGLPEPLTLRWEPPPSTDSYMVIVAVLGVLGAMAIIGAVVAFVMKRRRNTGGKGGDYALAPGSQSSEMSLRDCKA
H2-Aa*b,Aa,II,alpha,b,P14434,False,MPRSRALILGVLALTTMLSLCGGEDDIEADHVGTYGISVYQSPGDIGQYTFEFDGDELFYVDLDKKETVWMLPEFGQLASFDPQGGLQNIAVVKHNLGVLTKRSNSTPATNEAPQATVFPKSPVLLGQPNTLICFVDNIFPPVINITWLRNSKSVADGVYETSFFVNRDYSFHKLSYLTFIPSDDDIYDCKVEHWGLEEPVLKHWEPEIPAPMSELTETVVCALGLSVGLVGIVVGTIFIIQGLRSGGTSRHPGPL
H2-Aa*d,Aa,II,alpha,d,P04228,False,MPCSRALILGVLALNTMLSLCGGEDDIEADHVGFYGTTVYQSPGDIGQYTHEFDGDELFYVDLDKKKTVWRLPEFGQLILFEPQGGLQNIAAEKHNLGILTKRSNFTPATNEAPQATVFPKSPVLLGQPNTLICFVDNIFPPVINITWLRNSKSVTDGVYETSFLVNRDHSFHKLSYLTFIPSDDDIYDCKVEHWGLEEPVLKHWEPEIPAPMSELTETVVCALGLSVGLVGIVVGTIFIIQGLRSGGTSRHPGPL
H2-Aa*f,Aa,II,alpha,f,P14435,False,EDDIEADHVGFYGISVYQSPGDIGQYTFEFDGDEWFYVDLDKKETVWRLPEFGQLTSFDPQGGLQEIATGKHNLGILTKRSNFTPATNEAPQATVFPKSPVLLGQPNTLICFVDNIFPPVINITWLRNSKSVTDGVYETSFLVNRDHSFHKLSYLTFIPSDDDIYDCKVEHWGLEEPVLKHWEPEIPAPMSELTETVVCALGLSVGLVGIVVGTIFIIQGLRSGGTSRHPGPL
H2-Aa*k,Aa,II,alpha,k,P01910,False,MPRSRALILGVLALTTMLSLCGGEDDIEADHVGSYGITVYQSPGDIGQYTFEFDGDELFYVDLDKKETVWMLPEFAQLRRFEPQGGLQNIATGKHNLEILTKRSNSTPATNEAPQATVFPKSPVLLGQPNTLICFVDNIFPPVINITWLRNSKSVTDGVYETSFFVNRDYSFHKLSYLTFIPSDDDIYDCKVEHWGLEEPVLKHWEPEIPAPMSELTETVVCALGLSVGLVGIVVGTIFIIQGLRSGGTSRHPGPL
H2-Aa*q,Aa,II,alpha,q,P04227,True,GIVVYQSPGDIGQYTHEFDGDEWFYVDLDKKETVWMLPEFGQLTSFDPQGGLQNIATGKHNLGGWTKRSNFTPATNEAPQATVFPKSPVLLGQPNTLICFVDNIFPPVINITWLRNSKSVTDGVYETSFLVNRDHSFHKLSYLTFIPSDDDIYDCKVEHWGLDEPVLKHWEPEIPAPMSELTETVVCALGLSVGLVGIVVGTIFIIQGLRSGGTSRPPGPL
H2-Aa*r,Aa,II,alpha,r,P14436,False,EDDIEADHVGVYGTTVYQSPGDIGQFTHEFDGDEWFYVDLDKKETVWMLPEFGQLTSFDPQGGLQNIAVVKHNLEILTKRSNFTPAANEAPQATVFPKSPVLLGQPNTLICFVDNIFPPVINITWLRNSKSVTDGVYETSFLVNRDHSFHKLSYLTFIPSDDDIYDCKVEHWGLEEPVLKHWEPEIPAPMSELTETVVCALGLSVGLVGIVVGTIFIIQGLRSGGTSRHPGPL
H2-Aa*s,Aa,II,alpha,s,P14437,False,EDDIEADHVGVYGTTVYQSPGDIGQYTHEFDGDEWFYVDLDKKETIWMLPEFGQLTSFDPQGGLQNIATGKYTLGILTKRSNSTPATNEAPQATVFPKSPVLLGQPNTLICFVDNIFPPVINITWLRNSKSVTDGVYETSFLVNRDHSFHKLSYLTFIPSDDDIYDCKVEHWGLEEPVLKHWEPEIPAPMSELTETVVCALGLSVGLVGIVVGTIFIIQGLRSGGTSRHPGPL
H2-Aa*u,Aa,II,alpha,u,P14438,True,DHVGSYGIVVYQSPGDIGQYTFEFDGDELFYVDLDKKETIWMLPEFAQLRSFDPQGGLQNIATGKHNLGVLTKRSNSTPATNEAPQATVFPKSPVLLGQPNTLICFVDNIFPPVINITWLRNSKSVADGVYETSFFVNRDYSFHKLSYLTFIPSDDDIYDCKVEHWGLEEPVLKHWEPEIPAPMSELTETVVCALGLSVGLVGIVVGTIFIIQGLRSGGTSRHPGPL
H2-Ab1*b,Ab1,II,beta,b,P14483,False,MALQIPSLLLSAAVVVLMVLSSPGTEGGDSERHFVYQFMGECYFTNGTQRIRYVTRYIYNREEYVRYDSDVGEHRAVTELGRPDAEYWNSQPEILERTRAELDTVCRHNYEGPETHTSLRRLEQPNVVISLSRTEALNHHNTLVCSVTDFYPAKIKVRWFRNGQEETVGVSSTQLIRNGDWTFQVLVMLEMTPRRGEVYTCHVEHPSLKSPITVEWRAQSESAWSKMLSGIGGCVLGVIFLGLGLFIRHRSQKGPRGPPPAGLLQ
H2-Ab1*d,Ab1,II,beta,d,P01921,False,MALQIPSLLLSAAVVVLMVLSSPRTEGGNSERHFVVQFKGECYYTNGTQRIRLVTRYIYNREEYVRYDSDVGEYRAVTELGRPDAEYWNSQPEILERTRAEVDTACRHNYEGPETSTSLRRLEQPNVAISLSRTEALNHHNTLVCSVTDFYPAKIKVRWFRNGQEETVGVSSTQLIRNGDWTFQVLVMLEMTPHQGEVYTCHVEHPSLKSPITVEWRAQSESARSKMLSGIGGCVLGVIFLGLGLFIRHRSQKGPRGPPPAGLLQ
H2-Ab1*f,Ab1,II,beta,f,P06346,True,AAVVVLMVLSSPGTEGGNSERHFVSQFKGECYFTNGTQRIRSVDRYIYNREEYLRFDSDVGEYRAVTELGRSDAEYYNKQYLERTRAELDTVCRHNYEGVETPTSLRRLEQPNVVISLSRTEALNHHNTLVCSVTDFYPAKIKVRWFRNGQEETVGVSSTQLIRNGDWTFQVLVMLEMAPRRGEVYTCHVEHPSLKSPITVEWRAQSESARSKMLSGIGGCVLGVIFLGLGLFIRYRSQKGPRGPPPAGLLQ
H2-Ab1*k,Ab1,II,beta,k,P06343,False,MALQIPSLLLLAAVVVLTVLSSPGTEGGNSERHFVHQFQPFCYFTNGTQRIRLVIRYIYNREEYVRFDSDVGEYRAVTELGRPDAEYWNKQYLERTRAELDTVCRHNYEKTETPTSLRRLEQPSVVISLSRTEALNHHNTLVCSVTDFYPAKIKVRWFRNGQEETVGVSSTQLIRNGDWTFQVLVMLEMTPRRGEVYTCHVEHPSLKSPITVEWRAQSESARSKMLSGIGGCVLGVIFLGLGLFIRHRSQKGPRGPPPAGLLQ
H2-Ab1*q,Ab1,II,beta,q,P06342,False,MALQIPSLLLSAAVVVLMVLSSPRTEGGNSERHFVAQLKGECYFTNGTQRIRSVNRYIYNREEWVRFDSDVGEYRAVTELGRPDAEYWNSQPEILERTRAEVDTVCRHNYEGVETHTSLRRLEQPNVAISLSRTEALNHHNTLVCSVTDFYPAKIKVRWFRNGQEETVGVSSTQLIRNGDWTFQVLVMLEMTPHQGEVYTCHVEHPSLKSPITVEWRAQSESARSKMLSGIGGCVLGVIFLGLGLFIRHRSQKGPRGPPPAGLLQ
H2-Ab1*s,Ab1,II,beta,s,P06345,False,MALQIPSLLLSAAVVVLMVLSSPGTEGGDSERHFVFQFKGECYFTNGTQRIRSVDRYIYNREEYLRFDSDVGEYRAVTELGRPDAEYYNKQYLEQTRAELDTVCRHNYEGVETHTSLRRLEQPNVVISLSRTEALNHHNTLVCSVTDFYPAKIKVRWFRNGQEETVGVSSTQLISNGDWTFQVLVMLEMTPRRGEVYTCHVEHPSLKSPITVEWRAQSESARSKMLSGIGGCVLGVIFLGLGLFIRHRSQKGPRGPPPAGLLQ
H2-Ea*d,Ea,II,alpha,d,P01904,False,MATIGALVLRFFFIAVLMSSQKSWAIKEEHTIIQAEFYLLPDKRGEFMFDFDGDEIFHVDIEKSETIWRLEEFAKFASFEAQGALANIAVDKANLDVMKERSNNTPDANVAPEVTVLSRSPVNLGEPNILICFIDKFSPPVVNVTWLRNGRPVTEGVSETVFLPRDDHLFRKFHYLTFLPSTDDFYDCEVDHWGLEEPLRKTWEFEEKTLLPETKENVMCALGLFVGLVGIVVGIILIMKGIKKRNVVERRQGAL
H2-Ea*u,Ea,II,alpha,u,P14439,False,MATIGALLLRFFFIAVLMSSQKSWAIKEEHTIIQAEFYLLPDKRGEYMFDFDGDEIFHVDIEKSETIWRLEEFAKFASFEAQGALANIAVDKANLDVMKKRSNNTPDANVAPEVTVLSRSPVNLGEPNILVCFIDKFSPPVVNVTWLRNGQPVTEGVSETVFLPRDDHLFRKFHYLTFLPSTDDFYDCEVDHWGLEEPLRKHWEFEEKTLLPETKENVVCALGLFVGLVGIVVGIILIMKGIKKRNVVERRQGAL
H2-Eb1*b,Eb1,II,beta,b,P04230,False,MVWLPRVPCVAAVILLLTVLSPPMALVRDSRPWFLEYCKSECHFYNGTQRVRLLERYFYNLEENLRFDSDVGEFHAVTELGRPDAENWNSQPEFLEQKRAEVDTVCRHNYEISDKFLVRRRVEPTVTVYPTKTQPLEHHNLLVCSVSDFYPGNIEVRWFRNGKEEKTGIVSTGLVRNGDWTFQTLVMLETVPQSGEVYTCQVEHPSLTDPVTVEWKAQSTSAQNKMLSGVGGFVLGLLFLGAGLFIYFRNQKGQSGLQPTGLLS
H2-Eb1*j,Eb1,II,beta,j,P18469,False,MVWLPRVPCVAAVILLLTVLSPPVALVRNSRPRFLEYSTSECHFYNGTQRVRFLERYIYNREEYVRFDSDVGEYRAVTELGRPDAEYWNSQPEILEDARATVDTYCRHNYEIFDNFLVPRRVEPTVTVYPTKTQPLEHHNLLVCSVSDFYPGNIEVRWFRNGKEEKTGIVSTGLVRNGDWTFQTLVMLETVPQSGEVYTCQVEHPSLTDPVTVEWKAQSTSAQNKMLSGVGGFVLGLLFLGAGLFIYFRNQKGQSGLQPTGLLS
H2-Eb1*k,Eb1,II,beta,k,P18468,False,MVWLPRVPCVAAVILLLTVLSPPVALVRDSRPWFLEYCKSECHFYNGTQRVRFLKRYFYNLEENLRFDSDVGEFRAVTELGRPDAENWNSQPEILDEKRAAVDTYCRHNYEIFDNFLVPRRVEPTVTVYPTKTQPLEHHNLLVCSVSDFYPGNIEVRWFRNGKEEKTGIVSTGLVRNGDWTFQTLVMLETVPQSGEVYTCQVEHPSLTDPVTVEWKAQSTSAQNKMLSGVGGFVLGLLFLRAGLFIYFRNQKGQSGLQPTGLLS
H2-Eb1*s,Eb1,II,beta,s,P04231,True,WFLEYSTSECHFYNGTQRVRLLERYFYNLEENLRFDSDVGEFRAVTELGRPDAENWNSQPEFLEQRRAAVDTYCRHNYEILDKFLVPRRVEPTVTVYPTKTQPLEHHNLLVCSVSDFYPGNIEVRWFRNGKEEKTGIVSTGLVRNGDWTFQTLVMLETVPQSGEVYTCQVEHPSLTDPVTVEWKAQSTSAQNKMLSGVGGFVLGLLFLGAGLFIYFRNQKGQSGLQPTGLLS
